name,url,deadline,date,note
FCCM 2027,https://www.fccm.org/,,,CFP not posted yet; usually mid-January / May
ISTC 2027,https://2027.istc-conf.org/,2027-04-15,2027-08-23,
Symp. VLSI Circuits 2027,https://www.vlsisymposium.org/,2027-01-25,2027-06-20,
ARC 2027,https://amor.cms.hu-berlin.de/~hubnermi/index.html#cfp,2026-10-25,2027-03-31,
VLSI-TSA/DAT 2027,https://expo.itri.org.tw/2027VLSITSA,2026-11-22,2027-04-12,
VTS 2027,https://tttc-vts.org/,2026-11-20,2027-04-26,
CICC 2027,https://www.ieee-cicc.org/,2026-11-16,2027-04-18,
DAC 2027,https://dac.com/2027,2026-11-11,2027-07-11,
OFC 2027,https://www.ofcconference.org/,2026-10-20,2027-03-07,
ISCAS 2027,https://2027.ieee-iscas.org/,2026-10-13,2027-06-06,
FPGA 2027,https://www.isfpga.org/,2026-10-08,2027-03-14,abstract 2026-10-01
SPI 2027,https://spi-workshop.org/,2026-10-07,2027-05-16,
ISPD 2027,https://ispd.cc/,2026-09-28,2027-03-31,
DATE 2027,https://www.date-conference.com/,2026-09-20,2027-03-22,
ISQED 2027,https://www.isqed.org/,2026-09-17,2027-04-08,
ISSCC 2027,https://www.isscc.org/,2026-09-09,2027-02-14,
DVCon U.S. 2027,https://dvcon.org/,2026-09-07,2027-03-01,
LASCAS 2027,https://www.ieee-lascas.org/,2026-09-01,2027-02-23,
NorCAS 2026,https://events.tuni.fi/norcas/,2026-08-16,2026-10-21,
VLSID 2027,https://vlsid.org/,2026-07-27,2027-01-02,
ASP-DAC 2027,https://www.aspdac.com/,2026-07-18,2027-01-25,
IEDM 2026,https://www.ieee-iedm.org/,2026-07-16,2026-12-06,
EPEPS 2026,https://www.epeps.org/,2026-06-29,2026-10-18,
ISOCC 2026,https://isocc.org/,2026-06-26,2026-10-11,
FPT 2026,https://fpt2026.uark.edu/,2026-06-19,2026-12-07,
A-SSCC 2026,https://a-sscc2026.org/,2026-06-03,2026-11-01,
ICECS 2026,https://www.icecs2026.gr/,2026-05-25,2026-11-08,
ICCD 2026,https://www.iccd-conf.com/,2026-05-22,2026-11-16,
Asilomar 2026,https://www.asilomarsscconf.org/,2026-05-01,2026-10-25,
APCCAS 2026,https://apccas2026.org/,2026-04-30,2026-10-25,
VLSI-SoC 2026,https://vlsi-soc.com/,2026-04-27,2026-10-11,
ITC 2026,https://www.itctestweek.org/,2026-04-24,2026-10-11,
ECOC 2026,https://ecoc2026.org/,2026-04-15,2026-09-20,
ICCAD 2026,https://iccad.com/2026,2026-04-14,2026-11-08,
IEEE SiPS 2026,https://sips2026.org/,2026-04-12,2026-11-01,
ESSERC 2026,https://www.esserc2026.org/,2026-04-03,2026-09-07,
SOCC 2026,https://www.ieee-socc.org/,2026-04-01,2026-09-30,
ESWeek 2026,https://esweek.org/,2026-03-30,2026-10-04,
Hot Chips 2026,https://www.hotchips.org/,2026-03-29,2026-08-23,
FPL 2026,https://2026.fpl.org/,2026-03-27,2026-09-07,abstract 2026-03-20
SPPCom 2026,http://optica.org/PhotonicsOPC,2026-03-24,2026-07-26,
MWSCAS 2026,https://mwscas2026.org/,2026-03-16,2026-08-09,
ISLPED 2026,https://www.islped.org/2026/,2026-03-09,2026-08-05,
ASAP 2026,https://2026.asap-conf.org/,2026-03-03,2026-09-03,
GLSVLSI 2026,https://www.glsvlsi.org/,2026-03-02,2026-06-22,
ISVLSI 2026,https://www.ieee-isvlsi.org/,2026-02-10,2026-07-07,
COOL Chips 2026,https://www.coolchips.org/2026/,2026-02-06,2026-04-15,
ARITH 2026,https://www.arith2026.org/,2026-01-30,2026-06-28,
DAC 2026,https://dac.com/,2025-11-18,2026-07-26,
